imdb_id,title,topic,cluster,umap_x,umap_y,hit_score
tt0772137,The Game,-1,-1,-0.0033,-0.0682,25.24941830381521
tt0435576,Point Pleasant,-1,-1,0.0041,-0.0263,23.54428991345113
tt0959086,Flash Gordon,1,4,0.068,0.0135,20.42275476148293
tt0880557,Bionic Woman,-1,-1,0.0146,-0.0241,21.863317737750187
tt1032838,El Pantera,8,7,0.0373,0.0282,13.815110103857666
tt0772139,Masters of Science Fiction,-1,-1,0.0536,-0.0126,21.511288398211565
tt0481452,Nightmares & Dreamscapes: From the Stories of Stephen King,-1,-1,0.0839,-0.0448,25.106072561027915
tt0841921,Zorro: La espada y la rosa,2,5,0.0718,0.0007,25.257602707441222
tt1244387,Without Breasts There Is No Paradise,-1,-1,0.0676,-0.0151,23.87880212972141
tt1287391,Doña Bárbara,-1,-1,0.0495,-0.0313,24.68921267012472
tt1059455,The Legend of Bruce Lee,7,6,0.0064,-0.0152,22.982675847969265
tt1118526,Galileo,0,1,0.0669,-0.0971,21.309853208787068
tt1275297,En nombre del amor,8,7,0.0058,0.0065,24.185796549196887
tt0403795,Revelations,-1,-1,0.007,0.0252,19.298439236888697
tt0403759,Empire,-1,-1,0.0983,-0.0496,19.04777188322957
tt0960152,Acorralada,8,7,0.053,0.0278,19.42886745236068
tt0758789,Tsunami: The Aftermath,-1,-1,0.0099,0.0267,22.01233138402923
tt1220859,Storm Over Paradise,8,7,0.0658,0.0378,10.72326609453037
tt1596029,El Clon,3,0,0.0185,-0.0541,12.964927954726182
tt0391677,Piel de otoño,8,7,0.0376,0.0684,22.22795220764367
tt1247637,Above Suspicion,-1,-1,0.0381,0.0109,22.000146820427112
tt1445556,Burden of Guilt,8,7,0.0492,0.007,11.463275602278882
tt0424600,The Andromeda Strain,1,4,0.0437,0.0373,17.734955873517457
tt0415407,Colditz,12,2,0.0891,-0.0308,25.437597352297864
tt1192302,La rosa de Guadalupe,2,5,0.0275,-0.0092,11.378287921852287
tt1527368,El Capo,-1,-1,0.0783,-0.0311,25.18916933395757
tt1043714,The Prisoner,13,1,0.061,-0.0579,20.89759927271376
tt1068899,Capadocia,-1,-1,0.0777,0.0098,24.901625572726505
tt1227637,Impact,1,4,-0.0129,0.0291,19.45660145684805
tt0873992,Dragon Sakura,9,3,0.0904,-0.0874,15.63281447544622
tt1441404,Al Fondo Hay Sitio,8,7,0.0287,-0.0278,21.467368415445403
tt1657081,Law & Order: LA,0,1,0.0672,-0.0288,20.430598620087764
tt1593823,The Cape,-1,-1,0.0721,-0.0233,25.06360914602604
tt1333050,Persons Unknown,-1,-1,0.0592,-0.0848,23.34476569699618
tt2227061,Corazon Valiente,2,5,0.0449,-0.0479,17.75255144405951
tt1807106,Aurora,-1,-1,-0.0119,0.0007,10.751958785130206
tt1755893,Skins,14,0,0.0679,-0.0454,13.748256173833964
tt1697793,Outcasts,1,4,0.0673,0.0019,20.84447919987609
tt1772752,A.N.T. Farm,14,0,0.0539,-0.0306,18.926507621833043
tt1713938,XIII: The Series,12,2,0.0492,-0.083,16.817219860058717
tt0459721,La tormenta,8,7,0.0505,0.0743,22.835217466528157
tt1822448,Bedlam,4,1,0.048,-0.0168,22.45798652238832
tt1846055,Eva Luna,8,7,0.0727,0.0401,22.70775664497472
tt1697033,True Justice,7,6,0.1002,-0.0589,16.25745441689432
tt1504261,The Sinking of the Laconia,12,2,0.058,-0.0275,25.66132242780368
tt1869152,Titanic,3,0,0.0176,0.0211,21.740408290241035
tt2373743,Lie to Me,5,0,0.0458,-0.1222,20.258573045299165
tt1841108,Femme Fatales,-1,-1,0.0539,-0.0561,24.94790008992599
tt1212452,Bag of Bones,-1,-1,-0.0115,-0.0396,21.509379682344264
tt1334573,Moby Dick,-1,-1,-0.0179,-0.0382,21.15660218049443
tt2295953,Primeval: New World,-1,-1,0.0435,-0.0529,22.27747778957797
tt0802821,Pandemic,-1,-1,0.0562,0.013,21.45075157927006
tt1788634,The Boat,1,4,0.0808,0.002,22.94603799409296
tt2170701,Abyss of Passion,2,5,0.0191,0.029,23.23106185496828
tt2215717,The Mob Doctor,4,1,0.0544,-0.0367,23.17947205950768
tt1866570,Labyrinth,1,4,0.0428,-0.0172,23.071375704130123
tt2222135,Dog with a Blog,14,0,0.0659,-0.046,25.654581610608723
tt2215797,Zero Hour,1,4,0.0512,0.0174,25.648135031670783
tt2215399,Red Widow,11,1,0.0625,-0.034,21.679140217798658
tt2877678,Husband for Rent aka Husband for Hire,8,7,0.0165,-0.024,23.517499932189796
tt0420408,Hercules,-1,-1,0.0639,-0.0186,19.009587569052265
tt2368645,Hit the Floor,9,3,0.1135,-0.0374,24.238011769254868
tt2476828,Brave Woman,2,5,0.0345,-0.0121,25.460670890923616
tt2729716,Tyler Perry's The Haves and the Have Nots,2,5,0.0258,-0.0441,18.72211961956052
tt4592090,Love Me Or Leave Me,3,0,0.0009,-0.0844,18.6257353609306
tt1782352,Upstairs Downstairs,3,0,-0.0097,-0.0273,25.040152937450145
tt2365086,Corona de lágrimas,8,7,0.0341,0.0398,9.809500647445148
tt2401754,Porque el Amor Manda,8,7,-0.0619,-0.003,24.30506224083763
tt2320524,Amores verdaderos,8,7,0.0004,-0.0215,25.39465850333308
tt2799012,Ravenswood,-1,-1,0.0199,0.0058,24.79814949610508
tt2871832,Cedar Cove,-1,-1,0.0356,-0.0118,22.626621741221776
tt2515462,Rake,5,0,0.0492,-0.0452,22.82773961901804
tt2716158,Merhamet,-1,-1,0.0146,-0.0087,25.477936228734617
tt2345481,Being Mary Jane,-1,-1,-0.0038,-0.0203,23.90425451983295
tt2647258,Hostages,-1,-1,0.0558,-0.0567,25.29799984388201
tt2930136,Hanzawa Naoki,-1,-1,0.0298,-0.0633,18.165776605400584
tt2761630,Klondike,-1,-1,0.0488,-0.0315,23.65279344693916
tt2772760,Las Vega's,-1,-1,0.0523,-0.0376,20.7381204848086
tt3072546,Broken Angel,2,5,0.049,0.0136,15.337774452727508
tt2446726,Southcliffe,-1,-1,0.0717,-0.0372,24.09129531778748
tt3275706,Griselda Blanco: The Black Widow,8,7,0.0486,-0.0021,19.09163950142688
tt3596316,The Stray Cat,8,7,-0.008,0.0057,14.8234380737175
tt3632744,La Malquerida,8,7,0.0441,0.0213,13.584099658722884
tt3513704,The Messengers,1,4,0.0632,0.0148,25.063679035745995
tt3443274,Every Witch Way,6,4,0.0354,0.0512,18.061119992120837
tt3435532,Gracepoint,-1,-1,0.0065,-0.0445,24.557879246050245
tt3815412,Our Girl,12,2,0.0687,-0.0886,25.690926533816523
tt3484180,Remember Me,4,1,0.0385,-0.04,24.387322743437
tt2171665,Violetta,-1,-1,0.0313,-0.0287,24.033635865228614
tt3782838,Sons of Liberty,9,3,0.0526,-0.0887,22.278545298429904
tt3560060,CSI: Cyber,-1,-1,0.1062,-0.068,17.900857299418995
tt3476576,The Slap,-1,-1,0.0899,0.0115,23.055394857949803
tt3886214,Hasta el fin del mundo,2,5,0.0456,-0.02,22.62772623368175
tt4302554,Ask God For Forgiveness... Not Me,2,5,0.0546,-0.0547,22.73116979726612
tt4343108,Blood,6,4,0.0386,-0.0412,23.36707128330997
tt3597606,Dig,-1,-1,0.0724,-0.0232,25.08789831846113
tt3681610,The Team,-1,-1,0.0619,-0.0161,23.97713597023625
tt2817246,Girlfriends' Guide to Divorce,14,0,0.0261,-0.0371,22.48622236882974
tt3645318,Tyler Perry's If Loving You Is Wrong,2,5,0.0423,-0.1038,13.611077330908008
tt4583316,The Girl Who Sees Smells,-1,-1,0.0797,-0.0372,25.682866531201988
tt2374744,The Next Step,14,0,0.0568,-0.0729,24.89020673424299
tt4132692,Between,-1,-1,0.0009,-0.0488,20.99435064863224
tt3378278,Medical Top Team,4,1,0.0134,-0.0675,8.808499138383361
tt4612952,Orange Marmalade,6,4,0.0655,-0.0343,20.6266552375854
tt3582458,Acquitted,-1,-1,0.005,-0.0513,22.953639581972958
tt4714786,Mask,5,0,0.0283,-0.0785,21.438155647148868
tt4428122,Quantico,-1,-1,0.0926,-0.0833,23.59849064159184
tt2707792,Bonnie & Clyde,13,1,0.0061,-0.072,21.975862972451868
tt4450826,Minority Report,0,1,0.0516,-0.0556,22.41941728811278
tt3904068,Senora Acero,-1,-1,0.0864,-0.0424,22.794956886615456
tt5037290,Celia,-1,-1,0.096,0.0396,16.426752266765682
tt4147780,South of Hell,-1,-1,0.0434,-0.0166,16.016225203676658
tt4551116,The Dandy,-1,-1,0.0932,-0.0506,10.54698408081826
tt3087752,Rosemary's Baby,4,1,-0.0376,-0.017,19.25303439306634
tt5002866,Prison School,9,3,0.0697,-0.0989,19.53231547355492
tt4568372,Residue,1,4,0.0727,-0.0238,19.460978361768326
tt6155146,Brothers,7,6,0.0809,-0.0415,7.169440291584039
tt5303516,Asla Vazgeçmem,3,0,-0.0083,-0.0197,19.147121364478792
tt2199826,Broken Promises,-1,-1,0.0381,-0.0569,21.293141466320616
tt3190448,Metástasis,10,1,0.0313,-0.0341,12.92743020105886
tt5152136,Yo Soy Franky,14,0,0.0577,-0.0282,14.496577678833075
tt4469514,Loves with Trap,2,5,0.016,-0.0488,6.7882032425225445
tt1976802,Hell Girl,-1,-1,0.0318,-0.0469,24.85094168150312
tt0451565,Los Plateados,-1,-1,0.0214,-0.0466,18.674265730511078
tt3526872,A Love To Remember,-1,-1,0.0806,0.0033,13.44779029159893
tt0499394,Lo Que La Gente Cuenta,-1,-1,0.028,-0.049,10.998373837730622
tt6001964,Deep Water,0,1,0.042,-0.0479,22.940749423115136
tt4946972,Training Day,-1,-1,0.0786,-0.0713,21.72496990535909
tt6281238,The Teacher,0,1,0.0527,-0.0961,24.8771753848894
tt5031234,Time After Time,1,4,0.0546,0.0008,24.80774611501691
tt5639976,The Mist,-1,-1,0.0234,-0.0394,19.949806504273067
tt5640060,Chicago Justice,0,1,0.099,-0.1155,16.98231966407188
tt5954206,District 31,0,1,0.0184,-0.084,14.476809368609295
tt4154858,Marvel's Inhumans,1,4,0.0637,-0.0326,22.82473833070148
tt5730624,El Chema,10,1,0.0897,-0.074,19.379859792505805
tt6212854,Voice,-1,-1,0.0273,-0.0507,24.406919772767395
tt6422226,The Liar and His Lover,5,0,0.0771,-0.0568,25.71388798521927
tt5736758,The Frozen Dead,-1,-1,0.008,0.0023,21.480378971069275
tt6968336,My Runway,5,0,-0.005,-0.0755,10.026075168957592
tt5462886,You Are Wanted,-1,-1,0.0434,-0.0341,24.16974034114133
tt6800294,Arctic Circle,0,1,0.0257,-0.0243,24.664922271726518
tt6742348,In the Name of People,-1,-1,0.0862,-0.1247,22.74379019172512
tt6410708,The Replacement,-1,-1,-0.0187,-0.033,19.7699490968802
tt5936448,Riviera,3,0,0.0473,-0.0412,21.933086390643776
tt5103758,Troy: Fall of a City,12,2,0.1039,-0.0595,17.07905053010546
tt6125832,My Only Love Song,5,0,0.0399,-0.0674,25.57042690941556
tt6467294,Somewhere Between,-1,-1,0.0072,-0.022,24.079227134658552
tt7108184,Tokyo Vampire Hotel,6,4,0.0299,0.0104,23.194697140230637
tt6734482,The Loch,0,1,0.0651,-0.0491,24.105962070139512
tt6175760,My Sassy Girl,5,0,0.0257,-0.0694,24.381949754084317
tt6503244,Valor,-1,-1,0.0929,-0.0897,20.808030003275377
tt5650650,Jamestown,-1,-1,0.0068,0.0025,25.543711694523623
tt6522758,Wisdom of the Crowd,0,1,0.0586,-0.0612,21.393754933744365
tt6568694,Criminal Minds,0,1,0.0488,-0.0996,15.041306077957444
tt6294706,The Chi,9,3,0.0145,-0.0367,25.071589748556327
tt6971264,The Rich and Lazarus,-1,-1,0.0638,-0.0281,22.394638836544065
tt7056766,Reunited Worlds,5,0,0.0209,-0.0169,25.211497188680244
tt6881870,Frankie Drake Mysteries,0,1,0.0556,-0.0338,25.06908437911161
tt6064882,Room 104,-1,-1,0.0188,-0.0629,24.452494588690268
tt6607810,La piloto,10,1,0.0858,-0.0266,13.999492651060358
tt6402362,Hard Sun,-1,-1,0.0857,-0.0659,24.97915982178928
tt6856484,Ghost Wars,-1,-1,0.0121,-0.0009,23.028996128687293
tt7516210,The King's Woman,5,0,0.0219,-0.0878,22.03191038136826
tt7124904,Tomorrow Is Ours,0,1,0.0116,-0.0702,7.156172531073255
tt5620962,I Am Frankie,-1,-1,0.059,0.0003,22.90458065832138
tt6708260,Trust Me,4,1,0.0368,-0.0729,22.92064376904915
tt6768146,Rellik,0,1,0.0475,-0.0758,24.24877783919608
tt6128262,Gunpowder,12,2,0.051,-0.0448,25.604449692241545
tt7468900,Borderliner,0,1,0.0797,-0.093,23.13219959373143
tt6130902,Lore,-1,-1,0.032,0.0405,24.03146962147548
tt1210820,The Long Road Home,12,2,0.0535,-0.0831,21.602198836813905
tt6340304,Rosario Tijeras (Mexico),-1,-1,0.0609,-0.0676,24.30326248705252
tt6693154,The Zone,-1,-1,0.0603,-0.0231,19.64635188729839
tt7379872,Superstition,-1,-1,0.0049,-0.0096,19.985101872106856
tt6658720,Keeping Faith,-1,-1,0.0323,-0.0115,23.1910849851884
tt7761424,Deus Salve o Rei,-1,-1,0.0731,-0.0911,23.52207418138892
tt7174764,The Oath,10,1,0.0696,-0.1328,23.993139809308204
tt6712476,Bancroft,0,1,0.0914,-0.0772,25.013631058259467
tt7856872,Apocalipse,-1,-1,0.0262,-0.009,15.855005399243131
tt7243884,Catherine the Great,12,2,0.0323,-0.0549,18.75371346814113
tt5730690,Kiss Me First,6,4,0.075,-0.0,22.757230323468526
tt7691766,Kakegurui,9,3,0.0595,-0.0601,24.115260849347106
tt9552278,Sweet Revenge,-1,-1,0.0334,-0.0524,25.168412529591645
tt5056958,Mosaic,11,1,0.0188,-0.0339,19.95931618634568
tt6834120,Jenni Rivera: Mariposa de Barrio,8,7,0.0399,0.0191,22.553324024255872
tt7356206,Chicken Girls,14,0,0.0512,-0.0093,15.685601183930904
tt6712390,Requiem,-1,-1,-0.0102,0.0304,22.278964149726637
tt7907384,Laws of love,2,5,0.0265,-0.0616,10.516192500846367
tt7661932,Woman,-1,-1,-0.0016,-0.0134,23.935491015513808
tt6849940,ReBoot: The Guardian Code,-1,-1,0.076,-0.0447,8.806519464572167
tt7978912,The Bletchley Circle: San Francisco,13,1,0.0451,-0.0584,24.186165437230866
tt8083832,About Time,-1,-1,0.0279,-0.0136,15.611138866178903
tt7205264,The City and the City,0,1,0.0516,-0.0523,24.73023035281465
tt7314988,Sin tu mirada,8,7,0.0011,-0.0055,9.211829266368497
tt8258938,The Confidence Man JP,5,0,0.0626,-0.0855,20.377622785361417
tt6394324,Charmed,6,4,0.0197,0.0258,20.075811997179883
tt8369840,Another Life,1,4,0.0722,0.0005,22.79570759366405
tt6038954,Picnic at Hanging Rock,-1,-1,0.0085,0.0054,22.022397659105398
tt8447606,Kally's Mashup,-1,-1,0.0655,-0.0314,22.424644041627
tt7403736,V Wars,6,4,0.0419,0.0131,24.517008059566272
tt8463714,The ABC Murders,0,1,0.0227,-0.0367,24.05333240460859
tt7978230,Bitter Lands,-1,-1,0.022,-0.0177,15.256031600298453
tt7942774,The Fix,13,1,0.069,-0.0319,19.917521221392505
tt8063174,Immortals,6,4,0.036,0.0117,25.45639093969084
tt7958782,Proven Innocent,13,1,0.072,-0.0524,21.00332536160668
tt9397640,Folklore,-1,-1,0.0353,-0.0709,21.396156056513245
tt6586344,Warrior,7,6,0.104,-0.0838,23.50745907997636
tt2583620,The Twilight Zone,-1,-1,0.055,-0.0146,23.43551381204441
tt9284162,Top Management,5,0,0.0759,-0.0633,20.69986753478183
tt10361016,Penny Dreadful: City of Angels,6,4,0.0168,0.0314,23.054459583304617
tt7146326,Carl Weber's The Family Business,11,1,0.036,-0.0702,20.41588236271777
tt8001226,The War of the Worlds,1,4,0.0835,0.0024,15.732179778186689
tt8991526,Blood,11,1,-0.0019,-0.0142,23.111332750426502
tt8593252,Coroner,0,1,0.0426,-0.0248,24.581978797213687
tt8571906,London Kills,0,1,0.0385,-0.0645,18.835823817692606
tt10763852,NooBees,-1,-1,0.0968,-0.0228,24.032821967663605
tt7043380,Osmosis,1,4,-0.0111,-0.0221,19.06348117195456
tt7572868,The Name of the Rose,-1,-1,0.006,-0.025,24.56182591889788
tt9886950,Well-Intended Love,5,0,-0.0319,-0.0457,24.08358719752546
tt8042500,Y: The Last Man,1,4,0.0617,-0.028,24.20863375457523
tt8417308,The Spanish Princess,-1,-1,0.0577,0.0174,25.031560437178623
tt7371896,Traitors,12,2,0.0937,-0.0298,23.655521789244943
tt1831804,The Stand,-1,-1,0.0381,0.0168,24.587845924796543
tt8888168,The Code,-1,-1,0.0682,-0.1395,17.75530353390038
tt9686194,War of the Worlds,1,4,0.0232,-0.0306,25.007820990639985
tt8652642,Wu Assassins,-1,-1,0.082,-0.0589,25.711102086884765
tt8045468,RUN,5,0,0.029,-0.0074,23.032576991996727
tt12879522,The School Nurse Files,6,4,0.0394,-0.0213,22.779609064400876
tt10312964,Katy Keene,-1,-1,0.0247,-0.044,25.177854011766733
tt10055734,Abyss,6,4,0.042,-0.0614,25.178559370943816
tt9679644,Your Turn To Kill,-1,-1,0.0322,-0.0993,20.54967497953632
tt8892926,Reef Break,7,6,0.0575,-0.0326,22.0120833938362
tt8923396,Jinn,1,4,0.044,-0.0105,16.624792698185768
tt8382834,Instinto,4,1,0.0104,-0.0543,23.884065532347886
tt8602408,Holly Hobbie,-1,-1,0.0331,0.0286,21.39682372136198
tt9145880,Love Alarm,1,4,0.0065,-0.0044,23.12206274627714
tt8661868,Sanctuary,4,1,0.0116,0.0223,19.629403629297027
tt10488234,Don't Look Deeper,6,4,0.0397,-0.0072,24.635386602801425
tt9103772,Limetown,-1,-1,0.0428,-0.0041,24.408368840925416
tt9310372,Typewriter,-1,-1,0.0105,-0.0474,22.46256662392577
tt9067020,The I-Land,-1,-1,0.0358,-0.0304,16.548923032449498
tt10207090,Pandora,1,4,0.0753,-0.0055,17.146893178124195
tt9252156,Departure,-1,-1,0.0756,-0.0051,23.542644500000502
tt7943036,Twice Upon a Time,1,4,0.0291,-0.0106,17.707906518273447
tt10590540,Cradle of Wolves,-1,-1,0.0466,-0.0042,17.363836824109462
tt7423322,The Right Stuff,-1,-1,0.0615,-0.0868,19.943937553735346
tt8826128,October Faction,-1,-1,0.0253,0.0194,22.916122364082607
tt8005176,The Feed,-1,-1,-0.0083,-0.0104,20.55456597129966
tt11041132,The Mosquito Coast,-1,-1,0.0654,0.0242,24.987988925698694
tt7736572,Temple,4,1,0.0461,-0.0022,25.210343954311497
tt10986052,Criminal: France,0,1,0.0472,-0.0785,25.36800640726003
tt10986050,Criminal: Spain,0,1,0.067,-0.095,21.84249751642417
tt10384106,The Island,-1,-1,0.0001,-0.007,24.650946226971094
tt9695118,Face to Face,0,1,0.0412,-0.0291,25.623708992833745
tt9742936,FBI: Most Wanted,-1,-1,0.1137,-0.074,22.717949756556816
tt10148174,The Walking Dead: World Beyond,1,4,0.1039,-0.0113,14.147446964995044
tt10752770,Tyler Perry's Sistas,14,0,0.0716,-0.0535,15.603475551759672
tt11053220,We Are the Wave,9,3,0.0755,-0.0784,21.77436069077897
tt10653784,Gossip Girl,-1,-1,0.0265,-0.04,18.136671960551052
tt9074360,Trackers,10,1,0.0771,-0.0688,25.681514109408177
tt9307990,Lincoln Rhyme: Hunt for the Bone Collector,0,1,0.085,-0.024,21.04453568144524
tt7636244,S.O.Z: Soldiers or Zombies,6,4,0.0847,-0.054,23.36414327593247
tt8075008,The Luminaries,-1,-1,0.015,-0.0238,25.320453146694017
tt10580092,Tyler Perry's The Oval,-1,-1,0.0268,-0.0714,12.378208518764078
tt9024590,Nurses,4,1,0.0177,-0.0651,17.554110329403148
tt9145372,The Accident,-1,-1,0.0267,0.0072,22.424692005624767
tt11859946,Difficult Teens,10,1,0.12,-0.0945,11.286705421958768
tt9704568,Deadwater Fell,11,1,0.0039,-0.0518,23.664291589965863
tt10367818,El final del paraíso,-1,-1,0.0998,0.0096,9.818864943413557
tt9310400,The Stranded,-1,-1,0.0404,-0.0401,21.90860264659067
tt3319460,Lisey's Story,-1,-1,0.04,0.0122,24.57351420975123
tt9314996,Triad Princess,5,0,0.0437,-0.0525,22.11169442468621
tt11198202,Outbreak,-1,-1,0.0352,0.0267,22.752751977862783
tt9731254,Three Days of Christmas,-1,-1,-0.0281,0.0167,23.869332109075028
tt11243536,Holiday Secrets,-1,-1,-0.0262,0.0084,25.28740613516057
tt10833132,The Club,-1,-1,0.0539,-0.0676,20.23202694523119
tt10230502,La unidad,7,6,0.079,-0.0725,24.92079268480817
tt10062652,COBRA,-1,-1,0.0351,-0.0318,21.27961383328469
tt11769798,Rugal,-1,-1,0.0714,-0.0767,16.53602619951576
tt11502628,Detective Chinatown,0,1,0.0356,-0.049,21.15416170219836
tt8610212,The Gloaming,0,1,0.0449,-0.0675,23.36446509323836
tt8690440,Reckoning,-1,-1,0.0212,-0.0645,20.5409899642665
tt10505002,Box 21,-1,-1,0.0372,-0.0148,24.16376295436325
tt11569628,Find Yourself,3,0,-0.0048,-0.0552,20.5662210558068
tt9170386,Puerta 7,10,1,0.0836,-0.0623,18.043885528063274
tt11041046,Survive,-1,-1,0.0876,-0.01,21.667926753088462
tt11885790,Find Me in Your Memory,4,1,-0.0321,-0.0432,23.362848626983357
tt12850322,Record of Youth,9,3,0.0572,-0.1062,25.24176897503006
tt6859148,1993,-1,-1,0.0369,0.008,14.100802905973334
tt9170236,PIECES OF HER,11,1,0.0356,-0.0458,20.91246488149774
tt10623550,The Fugitive,-1,-1,0.0743,-0.0455,15.600489568189632
tt10394778,Vagrant Queen,-1,-1,0.0858,0.0222,19.428611101224767
tt10367698,Operación Pacífico,-1,-1,0.0676,-0.053,19.10963981852952
tt9011124,Trigger,4,1,0.0317,0.0177,24.004214906296347
tt11716756,The Winter King,-1,-1,0.0515,-0.0125,23.971696200506877
tt12026710,Suspicion,-1,-1,0.0436,-0.0644,18.704135314207427
tt12562262,Legacy,-1,-1,0.0132,-0.035,25.252742777137467
tt11867066,AnnDroid,-1,-1,0.0789,-0.0759,23.72622759604347
tt10133370,Stalk,9,3,0.0986,-0.0814,21.873498813690045
tt10394844,Soulmates,1,4,0.0148,-0.032,24.060199496184808
tt10901134,One Lane Bridge,0,1,0.0672,-0.0594,22.045604803621867
tt11457996,Ana,5,0,0.0595,-0.0458,14.130022824202928
tt10348078,Her Mother's Killer,10,1,0.0249,-0.0191,21.954142318788016
tt11243606,100 días para enamorarnos,5,0,0.0048,-0.0435,19.4816565998
tt12313914,Ju-On: Origins,-1,-1,0.0059,-0.0028,23.86929565102892
tt12398140,Losing Alice,-1,-1,0.0233,-0.0194,24.33282716759648
tt9138156,La Jauría,-1,-1,0.0754,-0.0885,16.52223320713178
tt12762512,Echo 3,-1,-1,0.052,-0.0296,22.48143856723644
tt10311932,Someone Has to Die,-1,-1,0.0165,-0.0102,23.5268116194852
tt10795574,A Suitable Boy,3,0,0.0094,-0.0753,25.175764135519
tt11640020,Debris,1,4,0.0859,-0.0678,24.04907913979656
tt12785720,The Witcher: Blood Origin,1,4,0.0735,0.0162,20.005483818201373
tt10714778,La Fortuna,-1,-1,0.0446,-0.0199,25.24029325108133
tt5373374,Lying Heart,2,5,0.0199,0.0114,21.7972579711088
tt13084920,Oxygen: The Series,3,0,0.0454,-0.0983,9.764234466955465
tt12851512,The Girl from Plainville,13,1,0.0275,-0.0086,22.551929773849043
tt10404698,Monsterland,-1,-1,0.0517,-0.0093,20.34299816666249
tt12976224,The Essex Serpent,-1,-1,0.0147,0.0292,24.68497760743877
tt12929796,Goedam,-1,-1,0.0255,-0.0103,20.53088586845012
tt9660182,Resident Evil,-1,-1,0.0062,-0.0283,20.989301550072515
tt12443806,Imperio De Mentiras,2,5,0.0609,-0.0006,23.056635720837416
tt12879200,A Woman Scorned,3,0,0.0379,-0.0521,25.11594160409085
tt12313074,Social Distance,-1,-1,0.0423,-0.0505,24.973181029046305
tt8001136,Black Narcissus,4,1,0.0026,0.028,21.058083578585645
tt13266012,Kitchenblock,6,4,0.067,0.0021,16.860497187125493
tt10147520,The Minions of Midas,-1,-1,0.042,-0.0225,22.9487721553109
tt8190688,Valley of Tears,12,2,0.0073,-0.0737,25.461965863143423
tt13085534,Ghum Hai Kisikey Pyaar Meiin,2,5,0.0359,-0.0732,9.162299611726333
tt13048234,De brutas nada,14,0,0.0198,-0.0312,15.184942392227926
tt10846250,Roadkill,12,2,0.0475,-0.076,25.14131004935537
tt17329616,Big Bet,7,6,0.037,-0.0721,21.955327733380347
tt10642480,The Sister,11,1,-0.0033,-0.0879,19.64813403377736
tt9174724,Beacon 23,1,4,0.0582,0.0017,17.5820532984509
tt12306692,American Horror Stories,-1,-1,0.0657,-0.0122,22.94615456536409
tt11382382,Sex,3,0,0.009,0.0185,22.01932801583277
tt13364380,Imlie,2,5,-0.0231,-0.0396,11.5336024559914
tt10767748,Tiny Pretty Things,9,3,0.044,-0.0948,24.75507211871662
tt13696452,Money Heist: Korea - Joint Economic Area,7,6,0.0576,-0.0981,25.31509921412604
tt22479848,Somebody,-1,-1,0.0273,-0.0903,22.77779014016326
tt14273790,The Rig,1,4,0.0768,-0.0408,20.51342341349425
tt10973800,Equinox,6,4,0.0106,0.0307,24.48019820258834
tt11057226,DMZ,-1,-1,0.0621,-0.0095,18.25680795206161
tt10625812,Spy City,12,2,0.0808,-0.0893,25.190327000403105
tt7475590,Kung Fu,7,6,0.0256,-0.0364,23.90685423409958
tt11815244,The Republic of Sarah,9,3,0.0933,-0.0515,17.999138744558625
tt13157618,Secret Invasion,1,4,0.0877,-0.0327,23.332010932632738
tt9794044,Citadel,7,6,0.0542,-0.0347,24.073490800450767
tt12446242,Alba,-1,-1,0.0226,-0.0449,19.98143437544024
tt13743822,Color Rush,6,4,0.0392,-0.0067,23.04042449826329
tt11737102,Genesis,2,5,0.0353,-0.0325,20.87832209654991
tt14300330,Love You as the World Ends,-1,-1,0.043,-0.0132,20.68399016545544
tt12112118,The Swamp,-1,-1,0.0217,-0.0329,24.23841448645461
tt13760386,Dear.M,9,3,0.0656,-0.102,22.748900738088075
tt13660638,Black Space,0,1,0.0335,-0.0711,18.48155197787879
tt13138972,We Children from Bahnhof Zoo,9,3,0.0783,-0.018,22.72342937527454
tt13819960,And Just Like That…,14,0,0.017,0.0217,20.898982550527723
tt14371376,Imitation,5,0,0.0679,-0.0452,23.758585254758778
tt13702252,Dealer,7,6,0.0643,-0.0988,23.49874433592911
tt13550498,My Siblings,-1,-1,-0.0009,-0.0378,22.97036184375272
tt11285548,Bloodlands,0,1,0.016,-0.0471,24.43864624121195
tt14127760,Demente,2,5,0.0551,-0.0421,13.636850418727892
tt11937816,Who Killed Sara?,-1,-1,0.0083,-0.0236,25.51295333882162
tt11639300,Grace,0,1,0.0418,-0.0841,24.21195641599724
tt10478054,Dan Brown's The Lost Symbol,7,6,0.0497,-0.0147,21.684207393937573
tt12083014,Zero Chill,-1,-1,0.0545,-0.0233,18.619867413529853
tt12887536,CSI: Vegas,0,1,0.0901,-0.0477,22.73776122710022
tt14449470,FBI: International,-1,-1,0.1118,-0.0413,20.221584461295148
tt14584108,It Was Always Me,2,5,0.0676,-0.0029,23.153603493631035
tt13024344,Parot,13,1,0.0374,-0.0831,11.743104927326934
tt12908084,Happy End,5,0,0.0069,-0.0786,24.549251749913843
tt9073940,Hit & Run,11,1,-0.0028,-0.0341,24.845181814734847
tt14500082,How I Met Your Father,14,0,0.0366,-0.0362,24.660580918520232
tt14218674,NCIS: Hawaiʻi,-1,-1,0.0708,-0.0666,21.27101818322027
tt13107070,The Pact,11,1,0.0271,-0.0561,23.6271624975513
tt13624900,Naomi,6,4,0.0516,-0.003,18.330046276997912
tt11188682,The Cleaning Lady,4,1,0.0581,-0.0651,25.38894046774367
tt14719590,Somos.,8,7,0.0169,-0.0139,25.65637180678873
tt13406036,Anne Boleyn,3,0,0.043,-0.0151,17.04869686809732
tt13847924,Coyotes,-1,-1,0.0576,-0.056,7.73552614491572
tt14689620,Vampire Academy,6,4,0.0475,-0.018,23.415993581247463
tt10839422,Sex/Life,3,0,0.0317,-0.0452,24.69934811020323
tt11055882,Good Sam,4,1,0.0425,-0.0757,14.892214038549772
tt14169816,You Are My Spring,4,1,0.0389,-0.037,20.44360481157398
tt9319770,4400,1,4,0.0017,-0.0485,12.18892030365517
tt11958610,Trigger Point,-1,-1,0.083,-0.0358,22.96262947237607
tt9737326,Invasion,1,4,0.0357,-0.0344,25.04466602425593
tt11698590,Jaguar,12,2,0.0948,-0.0503,16.004072780409363
tt13694702,Surface,-1,-1,0.0423,-0.0121,24.033044256989086
tt14040910,Queens,2,5,0.0235,-0.0653,21.433673015585885
tt14518136,Police University,10,1,0.1014,-0.0963,17.835403460727246
tt13980362,Wrong Side of the Tracks,10,1,0.0823,-0.062,24.69674995696988
tt12564616,Jiva!,9,3,0.0581,-0.0478,22.482810569223595
tt14075260,Not My Fault: Mexico,-1,-1,-0.0064,0.0185,21.422121906744405
tt14278524,Santo,-1,-1,0.1009,-0.1077,10.77264486337745
tt15452616,Don't Say No,14,0,0.0778,0.0003,23.30639487730169
tt13457822,Welcome to Eden,-1,-1,0.0674,-0.001,25.400735522178
tt14792896,Liaison,7,6,0.0887,-0.0709,24.562887471180957
tt14417802,The Snitch Cartel: Origins,10,1,0.0378,-0.0599,12.797860142879085
tt11895484,Boundless,-1,-1,0.0011,0.0224,24.282259821258226
tt14252964,Gone for Good,-1,-1,0.0569,-0.0203,21.81059643333676
tt15046742,Notre-Dame,-1,-1,0.0921,-0.0043,15.395041073876522
tt13275654,The Box,-1,-1,0.0994,-0.0844,10.464712486800524
tt14414246,La desalmada,2,5,0.0337,-0.032,18.16426506800763
tt11640018,La Brea,-1,-1,0.0584,0.0113,19.83515979267117
tt15007114,One the Woman,-1,-1,0.0057,-0.0648,23.802791478724288
tt14954498,Echoes,4,1,0.0122,-0.0493,23.20057842682636
tt10937180,I Know What You Did Last Summer,-1,-1,0.0056,-0.0204,18.473415736686757
tt15101964,Everything Will Be Fine,14,0,-0.0022,-0.0503,20.662068795645165
tt15068148,The Kingdom,10,1,0.0178,-0.0303,21.114051544607623
tt15341198,The Perfect Mother,-1,-1,0.0526,-0.049,20.37975176438017
tt14772170,Ridley,0,1,0.0277,-0.0439,24.9755453309334
tt13475676,Tom Swift,6,4,0.037,-0.0262,10.830476241938864
tt8559532,The Changeling,1,4,0.0614,0.0456,22.34584784969578
tt15303234,Full Circle,0,1,0.0264,-0.0629,23.559334179676053
tt21289712,A Model Family,10,1,0.0582,-0.0591,20.590387548933265
tt13275052,Dive Club,-1,-1,0.0248,-0.0411,24.093801136089432
tt14321632,All the Queen's Men,-1,-1,0.0139,-0.0165,20.549074385881013
tt15437862,SkyMed,-1,-1,0.0505,-0.0251,18.98689333927588
tt15432016,Devil in Ohio,4,1,0.0467,-0.0148,23.109947545101537
tt15458236,Voltes V: Legacy,6,4,0.0331,-0.0504,19.093748641745897
tt9569528,Queer as Folk,-1,-1,0.0281,-0.0319,16.038802506154845
tt15390524,Partner Track,-1,-1,0.0452,-0.04,24.37508416371715
tt15393644,New Heights,-1,-1,0.0241,-0.0444,24.59865773336254
tt14129418,Ragdoll,0,1,0.046,-0.0603,15.891118013464723
tt20217314,2 Good 2 Be True,5,0,0.0409,-0.0317,22.896990230419263
tt15525658,Lady Voyeur,-1,-1,0.0567,-0.0593,15.415444473236764
tt14377480,Kamen Rider Black Sun,1,4,0.0615,-0.0434,21.86462660593545
tt19870894,Monstrous,-1,-1,0.0083,-0.0327,16.922347610375322
tt13231962,Elves,-1,-1,0.0199,0.0129,15.72016088495674
tt20235634,Kiss Sixth Sense,6,4,0.0145,-0.0067,20.66347667744252
tt13578144,MalaYerba,10,1,0.0484,-0.0203,20.314360063609787
tt11470588,Blackout: Tomorrow Is Too Late,-1,-1,0.0607,0.0044,18.249625004631177
tt15669534,Tales of the Walking Dead,-1,-1,0.0317,-0.0195,24.05064110627146
tt22002370,Connect,-1,-1,0.0488,-0.0947,23.90376253789565
tt14253638,Express,13,1,0.0777,-0.0578,19.31030446299898
tt19887704,Bloody Heart,12,2,0.0715,-0.0945,21.19428788347889
tt9174600,Roar,-1,-1,0.0835,-0.0552,25.435944926163646
tt15374794,Your Love Is My Fortune,-1,-1,0.0255,-0.0086,18.084552415372563
tt21049186,Café Minamdang,-1,-1,0.0514,-0.0694,25.39053773973125
tt14351748,Fatal Attraction,3,0,0.0018,-0.0629,23.109922356571563
tt20426062,The Mysterious Class,-1,-1,0.0156,-0.0595,9.689895908243898
tt7950716,Blanca,-1,-1,0.0745,-0.0195,22.83968279953398
tt14220870,A Very British Scandal,3,0,0.0174,-0.0469,23.50644798858408
tt12104930,Kitz,-1,-1,0.0325,-0.011,24.381664738681877
tt14655298,Summer Heat,-1,-1,0.0442,-0.0661,13.497338173638951
tt17492848,Goodbye Earth,1,4,0.081,0.0024,9.870445743573912
tt15140592,Forecasting Love and Weather,5,0,0.0409,-0.027,24.55672383475234
tt5232622,The Girl Before,4,1,0.0465,-0.0405,24.95598590996642
tt14088994,All American: Homecoming,9,3,0.043,-0.056,21.47897070115163
tt27111295,Citadel Honey Bunny,-1,-1,0.0722,-0.0246,23.17926161770768
tt14362156,The Envoys,-1,-1,0.0408,-0.0206,23.63655893952772
tt15410190,Fishbowl Wives,3,0,0.0308,-0.0156,22.315293967702644
tt30241060,My Man Is Cupid,6,4,0.0194,0.0017,24.38793660904186
tt24082562,Unlock My Boss,5,0,-0.0075,-0.0646,25.6900609492825
tt16021642,Offworld,1,4,0.0061,-0.0034,17.088508388122207
tt20765238,Life on Call,3,0,-0.0056,-0.0236,18.48497957288173
tt14494894,Juanpis González - The Series,-1,-1,0.0515,-0.0686,23.98015507395061
tt16589104,Señorita 89,8,7,0.0367,-0.0128,24.070728865784304
tt13956560,"Devotion, a Story of Love and Desire",3,0,-0.0034,-0.0802,24.806165833639778
tt1967620,The Fear Index,4,1,0.0091,-0.0061,15.046594525509745
tt11343686,Swimming with Sharks,9,3,0.0404,-0.0333,20.874620565156704
tt15576994,Holy Family,-1,-1,0.0053,-0.0295,24.24033649451935
tt15407098,Sister Boniface Mysteries,0,1,0.0276,-0.0612,24.95650611746745
tt23032868,Shadow Detective,0,1,0.0736,-0.105,25.402662914593595
tt16450274,Treason,7,6,0.0523,-0.1031,21.074026878927203
tt15548144,The Suspect,4,1,0.0502,-0.0549,25.02811220702814
tt15019128,Hold Tight,-1,-1,0.0217,-0.0639,18.595906380542065
tt15176890,The Lake,14,0,0.0608,-0.0221,23.589240512264677
tt26672563,Duty After School,1,4,0.0718,-0.0629,18.21756888836373
tt13068346,Great Expectations,-1,-1,0.0335,-0.01,19.75406166043081
tt18258908,NCIS: Sydney,-1,-1,0.0764,-0.0866,16.165478806518426
tt19267756,Pantanal,2,5,0.0658,-0.0551,24.181329557075088
tt18552362,Parish,11,1,0.0254,-0.0398,23.252467373641856
tt13317454,Yakamoz S-245,1,4,0.0798,-0.0398,24.497129421599137
tt9845070,Last Light,1,4,0.0454,0.0081,14.596820935924876
tt18268134,Rebel Cheer Squad: A Get Even Series,4,1,0.0088,-0.0703,22.95013755439341
tt22399058,Shards of Her,-1,-1,0.0101,-0.0133,24.68454516155555
tt20192096,Welcome to Wedding Hell,3,0,0.0184,-0.0931,16.14236809563789
tt20854190,Doctor Lawyer,4,1,0.0481,-0.0501,17.116230639360737
tt19896998,Las Bravas F.C.,10,1,0.0888,-0.0719,25.339858976531985
tt8323628,My Life with the Walter Boys,-1,-1,0.0353,-0.0204,25.01547100664282
tt13745850,The Last Thing He Told Me,-1,-1,0.0391,-0.0475,23.146030132923237
tt14531774,Culprits,-1,-1,0.0422,-0.0464,25.4426313749046
tt22189294,Love in Contract,5,0,0.0197,-0.0565,16.996476025721684
tt14263564,Justified: City Primeval,-1,-1,0.0238,-0.0341,25.46493219355377
tt18076310,The Rookie: Feds,-1,-1,0.0718,-0.0474,14.15520034155202
tt7949212,Accused,-1,-1,0.0672,-0.0658,22.12907175122868
tt18699118,Alert: Missing Persons Unit,-1,-1,0.0674,-0.0782,14.601458437356529
tt16098700,Fire Country,-1,-1,0.079,-0.064,23.883311897452376
tt18413548,Of Money and Blood,-1,-1,0.0272,-0.0035,22.04609119837824
tt29225198,Strong Girl Nam-soon,6,4,0.0765,-0.0318,18.621297198749687
tt15426714,Wilderness,3,0,0.0144,-0.0183,21.539395685736693
tt19503218,Glamorous,5,0,0.0369,-0.0454,25.000772270601384
tt11231226,Reasonable Doubt,13,1,0.065,-0.0297,25.477532148326556
tt15422758,The Watchful Eye,11,1,0.0375,-0.0291,20.36759601408535
tt19866510,The Lions of Sicily,-1,-1,0.0319,-0.0269,20.54256881267497
tt17641200,High Heat,7,6,0.0669,-0.0558,23.21348604144273
tt21433150,The Veil,0,1,0.07,-0.025,24.842650949463103
tt16442864,"El Rey, Vicente Fernández",8,7,0.0209,0.0311,22.284155903690134
tt17037878,Arcadia,1,4,0.0405,-0.003,24.89783998397971
tt15428778,Mayfair Witches,6,4,0.0499,-0.0107,20.358107418762003
tt16481820,Diary of a Gigolo,3,0,0.0726,-0.0674,19.083561500710896
tt14203572,Monsieur Spade,0,1,0.0493,-0.07,23.149866320228387
tt25403636,Payback: Money and Power,5,0,0.0317,-0.0498,20.44744162193108
tt22001792,From Me to You: Kimi ni Todoke,9,3,0.0356,-0.0627,25.505041579799443
tt15379396,Ronja the Robber's Daughter,7,6,0.0288,0.0068,22.971378503781317
tt14852808,The Watcher,4,1,0.008,-0.0544,25.596091918021685
tt22297684,Class,9,3,0.0485,-0.0935,24.97265552970988
tt23651372,The Iron Heart,7,6,0.126,-0.0778,18.6503774748464
tt22797712,Strange Tales of Tang Dynasty,0,1,0.0066,-0.0699,25.371423612289423
tt21105088,Golden Boy,3,0,-0.038,-0.0745,21.177502979362835
tt23931190,Belgravia: The Next Chapter,3,0,-0.0211,-0.0084,21.100188400941
tt15483276,Harlan Coben's Shelter,-1,-1,0.0284,-0.0579,24.45305339665761
tt0808491,The Swarm,1,4,0.0125,-0.0074,23.228852769216736
tt24224910,The Interest of Love,3,0,-0.011,-0.1106,20.10591719354785
tt21814948,The End of Love,-1,-1,0.0466,-0.0189,16.793840232265886
tt22325164,La promesa,2,5,0.0177,-0.0191,11.395149291036024
tt21108774,The Buccaneers,-1,-1,0.0343,-0.0343,24.96732632295109
tt22754212,Citadel: Diana,7,6,0.0794,-0.0203,23.979820818093835
tt25503524,Faltu,-1,-1,0.03,-0.0654,7.664207467073562
tt23061466,"Blood, Sex & Royalty",-1,-1,0.0261,-0.025,16.93398774869721
tt23159124,Mujeres Asesinas,-1,-1,0.05,-0.0574,15.76891068273486
tt23846868,Rabb Se Hai Dua,-1,-1,-0.01,-0.0802,7.645568235513502
tt25503742,Teri Meri Doriyaann,3,0,-0.0023,-0.1015,9.568324789642276
tt25031242,Against the Ropes,2,5,0.013,-0.0008,20.14910475121588
tt24059730,Batang Quiapo,7,6,0.074,-0.0888,7.237565642765688
tt18273742,Sky High: The Series,7,6,0.0363,-0.044,21.58890931641142
tt23747008,Far from Home,9,3,0.0534,-0.071,15.091571600271974
tt20565150,Triptych,4,1,0.0395,-0.0098,21.1689068664854
tt24364150,Gangs of Oslo,10,1,0.031,-0.0899,23.776818380780725
tt26471649,The Killing Vote,0,1,-0.0371,-0.0918,23.166903784450422
tt19724076,A Girl and an Astronaut,1,4,0.0167,-0.0388,18.97220129318874
tt19723558,Detective Forst,0,1,0.0382,-0.0691,15.998408824266791
tt22099034,Shanty Town,10,1,0.0837,-0.0814,15.996230824962293
tt21206964,In Love All Over Again,3,0,0.0265,-0.0323,15.669447153977368
tt26085372,HeartBeat,6,4,0.0374,-0.0242,25.452498244606517
tt26393379,Volver a caer,3,0,0.0399,-0.0254,20.97003247993492
tt16163746,Who Were We Running From?,11,1,0.0254,-0.0326,22.989222275071445
tt27925979,Elas por Elas,2,5,0.0383,-0.0545,17.05481665903092
tt22188304,Perdona nuestros pecados,2,5,0.0162,-0.0181,8.096894817538052
tt26676489,The Madness,-1,-1,0.0366,-0.0608,22.248017845984013
tt26767508,The Frog,-1,-1,0.036,-0.0618,22.84571478277839
tt22188282,El amor invencible,2,5,0.0748,-0.0232,13.367617823056088
tt26862142,The Last Frontier,-1,-1,0.0741,-0.0539,20.57077252108684
tt20477492,Muted,0,1,0.0142,-0.029,18.561878604763557
tt16277846,No Escape,-1,-1,0.0396,-0.0213,19.61363114359078
tt14371926,Apples Never Fall,-1,-1,0.0306,-0.0362,23.569629017390923
tt17042618,Montecristo,-1,-1,0.0473,0.0185,13.313207840691184
tt18831118,Obsession,4,1,0.0346,-0.0323,15.517869926055056
tt26693681,The Impossible Heir,-1,-1,0.081,-0.1079,17.220792237502835
tt27535062,City of God: The Fight Rages On,10,1,0.077,-0.0514,25.0921423834562
tt27369122,The Couple Next Door,11,1,0.0629,-0.0252,17.12968563477219
tt27505298,Desperate Lies,-1,-1,-0.02,-0.0593,17.33451156571476
tt15845610,A Man in Full,-1,-1,0.0503,-0.0248,23.186866285631943
tt24133138,Nightsleeper,-1,-1,0.0553,-0.0332,21.027619776699154
tt27787158,1992,-1,-1,0.0341,-0.0181,20.092784803766424
tt18926116,Fear the Walking Dead: Dead in the Water,-1,-1,0.0208,-0.0093,20.948848471219414
tt27763561,Hierarchy,9,3,0.0576,-0.1019,20.23272124729289
tt26672404,Butterfly,7,6,0.0851,-0.0727,21.776783406571905
tt27787160,The Surrogacy,-1,-1,-0.0002,-0.0642,14.32848105639082
tt27921614,Red Swan,5,0,0.0441,-0.1064,22.13291380950234
tt14494938,Fake Profile,3,0,0.0212,-0.0453,19.231282556529223
tt27843828,Gangs of Galicia,-1,-1,0.0605,-0.0516,23.132574118382774
tt27951663,Fatal Seduction,4,1,0.0198,-0.0683,21.78215653102508
tt28226395,My Magic Closet,6,4,0.0486,0.0297,23.95427881877809
tt15532306,Cruel Intentions,9,3,0.0528,-0.0744,21.61434590627756
tt13355880,Everybody Loves Diamonds,10,1,0.0505,-0.0666,23.127870051060345
tt34476674,Hound's Hill,-1,-1,0.0428,-0.0314,16.89873597446377
tt28298539,Breathless,4,1,0.0315,-0.0648,18.51769000946318
tt32321928,"Betty la Fea, the Story Continues",2,5,0.0137,-0.0553,15.346872778879684
tt28288478,The Cage,7,6,0.0782,-0.1048,22.14887154534348
tt27787857,Thursday's Widows,11,1,0.0293,-0.0554,19.21396509683276
tt36056620,S Line,6,4,0.0144,-0.0366,19.353017766596334
tt27613238,Minas de Pasión,2,5,0.0268,0.0074,8.244682141235227
tt28228082,The Stolen Girl,11,1,0.0522,-0.0033,20.83714093989968
tt26456880,One Trillion Dollars,-1,-1,0.0182,-0.0139,14.003643237180096
tt29195231,Pact of Silence,-1,-1,0.0255,-0.0445,21.869309950433376
tt29103836,Beyond Goodbye,3,0,0.0462,-0.0086,23.59223090659132
tt28019928,Suburræterna,-1,-1,0.0242,-0.0551,16.441801108815852
tt15441086,Brigands: The Quest for Gold,-1,-1,0.0309,0.0027,24.319809162531776
tt27591984,I Woke Up a Vampire,6,4,0.0183,0.061,20.93310152015041
tt29386497,Bank Under Siege,7,6,0.0255,-0.0543,25.63770794384744
tt29303395,The Billis,14,0,0.0646,-0.0305,25.243656685801756
tt29894090,Crazy About You,2,5,0.0315,-0.0657,6.0699485259670825
tt31433814,Doctor Who,1,4,0.069,-0.0125,24.649673056359468
tt30221531,King & Conqueror,-1,-1,0.0549,-0.0745,16.784245415533267
tt27997713,Baby Bandito,10,1,0.0707,-0.022,10.156960938838823
tt28088031,Ransom Canyon,-1,-1,0.0219,-0.0669,25.158579760843708
tt13332622,Before,4,1,0.0329,0.0012,20.895840249679345
tt30494784,The Gardener,13,1,-0.0082,0.0008,22.552801434733997
tt22475008,Watson,4,1,-0.0004,-0.0258,17.58419833928669
tt23806252,Iron Reign,10,1,0.0519,-0.0545,20.503199132815595
tt30317229,La Palma,-1,-1,0.0127,0.0304,21.339973558064813
tt33297589,Valle salvaje,2,5,0.0461,0.0241,14.26068891282214
tt15977292,Happy Face,13,1,0.0446,-0.0196,21.52688347502364
tt28703559,Territory,-1,-1,0.0616,-0.0948,24.74793377686689
tt31019484,Missing You,-1,-1,0.078,-0.0469,20.780196853352244
tt31038430,The Hunting Wives,-1,-1,0.0463,-0.0261,25.13951078398507
tt29764088,El amor no tiene receta,2,5,0.0243,-0.0089,8.33127316381058
tt31123366,LaLola,5,0,-0.0025,-0.0708,20.34769061257189
tt31173096,Billionaires' Bunker,1,4,0.0656,-0.0794,22.62578096776124
tt31186958,Prime Target,7,6,0.0953,-0.1045,21.875160696351543
tt31260386,Beauty in Black,3,0,0.0619,-0.0287,21.51595048964553
tt20601772,El Conde: Amor y Honor,-1,-1,0.0367,-0.0295,22.1990198522749
tt31407116,PULSE,4,1,0.0408,0.0295,20.925777526066614
tt27031263,Teacup,-1,-1,0.0408,-0.0702,24.03468112577598
tt31458276,Grotesquerie,-1,-1,0.0459,-0.0297,21.61117259064933
tt21906554,The Hunting Party,13,1,0.0767,-0.1095,25.552952110459024
tt28131856,Everyone Loves Me,5,0,0.0667,-0.0815,22.489963417137467
tt31806048,Hostage,12,2,0.0102,-0.09,22.20020033564967
tt32306399,From Tomorrow,-1,-1,0.0247,-0.0488,24.81000735650761
tt31849826,Doctor Odyssey,4,1,0.0244,-0.0149,20.912937011828085
tt29494109,Caught,13,1,0.0592,-0.0305,23.424223265455808
tt31158587,Master of the House,-1,-1,0.0382,-0.0808,19.093337931353865
tt33509073,A Virtuous Business,5,0,-0.0038,-0.0501,24.00191944268217
tt32536952,Like a Dragon: Yakuza,7,6,0.0795,-0.0678,14.548160992580303
tt27427326,Wayward,-1,-1,0.0667,-0.0954,23.36440549613924
tt32740307,Chastity High,9,3,0.05,-0.0674,19.356105049627217
tt32889672,Romance in the House,-1,-1,-0.0239,-0.0323,18.381728437088935
tt32874331,In the Mud,13,1,0.0765,-0.0821,18.163927760355296
tt30291387,All's Fair,-1,-1,0.0651,-0.0908,11.789026182097274
tt30068042,The Accident,-1,-1,-0.0015,-0.0068,16.940272141172247
tt29485142,Suits LA,13,1,0.0605,-0.0747,21.13033381543092
tt33246591,The Assassin,11,1,0.0625,-0.0046,16.656336524870266
tt27031470,Deceitful Love,3,0,-0.0004,-0.0663,22.043381065971364
tt28329925,Every Minute Counts,8,7,0.0666,0.0374,20.30471775121986
tt33398245,Buried Hearts,5,0,0.0742,-0.1031,22.482921740459712
tt33484460,Robin Hood,-1,-1,0.0332,-0.0394,24.21627579693829
tt32300326,Sed de Venganza,2,5,0.0441,-0.0062,9.10340947482478
tt31226362,Sisters' Feud,-1,-1,0.0358,-0.025,15.320320156888483
tt34381307,Until You Burn,-1,-1,0.037,-0.0506,19.799300231220485
tt32872848,Las Hijas de la Señora García,2,5,0.0008,-0.024,10.10763791160135
tt29632046,Subteran,11,1,0.0451,-0.0538,23.702056071697925
tt30096238,Public Disorder,7,6,0.0815,-0.0892,24.63584532376836
tt35048672,Seven Doors,-1,-1,0.0316,-0.0586,9.812711822179129
tt11897206,"Cóyotl, Hero and Beast",6,4,0.0698,-0.0202,21.208722801952163
tt35256070,The Hooligan,10,1,0.0891,-0.0741,24.931585200818123
tt32146392,Two Graves,-1,-1,0.0085,-0.0423,23.551957199966985
tt30876484,Just One Look,11,1,0.0096,-0.0388,15.294148000208702
tt35836959,Medusa,-1,-1,0.0049,-0.0597,12.565208585396542
tt37504309,Unspeakable Sins,3,0,0.033,-0.0721,18.189647947357283
tt28243363,Sara - Woman in the Shadows,0,1,0.0426,-0.0482,22.33568220859369
tt37065878,The Guest,-1,-1,0.0234,-0.0936,9.410838081763664
